time,Cache:adminBytes,Cache:avgBatchCACHEMODE,Cache:avgBatchCRITICAL,Cache:avgBatchDAEMON,Cache:avgBatchEVICTORTHREAD,Cache:avgBatchMANUAL,Cache:cacheTotalBytes,Cache:dataAdminBytes,Cache:dataBytes,Cache:lockBytes,Cache:nBINsEvictedCACHEMODE,Cache:nBINsEvictedCRITICAL,Cache:nBINsEvictedDAEMON,Cache:nBINsEvictedEVICTORTHREAD,Cache:nBINsEvictedMANUAL,Cache:nBINsFetch,Cache:nBINsFetchMiss,Cache:nBINsStripped,Cache:nBatchesCACHEMODE,Cache:nBatchesCRITICAL,Cache:nBatchesDAEMON,Cache:nBatchesEVICTORTHREAD,Cache:nBatchesMANUAL,Cache:nCachedBINs,Cache:nCachedUpperINs,Cache:nEvictPasses,Cache:nINCompactKey,Cache:nINNoTarget,Cache:nINSparseTarget,Cache:nLNsFetch,Cache:nLNsFetchMiss,Cache:nNodesEvicted,Cache:nNodesScanned,Cache:nNodesSelected,Cache:nRootNodesEvicted,Cache:nSharedCacheEnvironments,Cache:nThreadUnavailable,Cache:nUpperINsEvictedCACHEMODE,Cache:nUpperINsEvictedCRITICAL,Cache:nUpperINsEvictedDAEMON,Cache:nUpperINsEvictedEVICTORTHREAD,Cache:nUpperINsEvictedMANUAL,Cache:nUpperINsFetch,Cache:nUpperINsFetchMiss,Cache:requiredEvictBytes,Cache:sharedCacheTotalBytes,Checkpoints:lastCheckpointEnd,Checkpoints:lastCheckpointId,Checkpoints:lastCheckpointStart,Checkpoints:nCheckpoints,Checkpoints:nDeltaINFlush,Checkpoints:nFullBINFlush,Checkpoints:nFullINFlush,Cleaning:cleanerBackLog,Cleaning:fileDeletionBacklog,Cleaning:lastKnownUtilization,Cleaning:lnSizeCorrectionFactor,Cleaning:nBINDeltasCleaned,Cleaning:nBINDeltasDead,Cleaning:nBINDeltasMigrated,Cleaning:nBINDeltasObsolete,Cleaning:nCleanerDeletions,Cleaning:nCleanerEntriesRead,Cleaning:nCleanerProbeRuns,Cleaning:nCleanerRuns,Cleaning:nClusterLNsProcessed,Cleaning:nINsCleaned,Cleaning:nINsDead,Cleaning:nINsMigrated,Cleaning:nINsObsolete,Cleaning:nLNQueueHits,Cleaning:nLNsCleaned,Cleaning:nLNsDead,Cleaning:nLNsLocked,Cleaning:nLNsMarked,Cleaning:nLNsMigrated,Cleaning:nLNsObsolete,Cleaning:nMarkLNsProcessed,Cleaning:nPendingLNsLocked,Cleaning:nPendingLNsProcessed,Cleaning:nRepeatIteratorReads,Cleaning:nToBeCleanedLNsProcessed,Cleaning:pendingLNQueueSize,Cleaning:totalLogSize,Environment:btreeRelatchesRequired,Environment:environmentCreationTime,I/O:bufferBytes,I/O:endOfLog,I/O:nBytesReadFromWriteQueue,I/O:nBytesWrittenFromWriteQueue,I/O:nCacheMiss,I/O:nFSyncRequests,I/O:nFSyncTime,I/O:nFSyncs,I/O:nFileOpens,I/O:nGroupCommitRequests,I/O:nGroupCommitWaits,I/O:nGrpCommitTimeouts,I/O:nLogBuffers,I/O:nLogFSyncs,I/O:nLogIntervalExceeded,I/O:nLogMaxGroupCommitThreshold,I/O:nNoFreeBuffer,I/O:nNotResident,I/O:nOpenFiles,I/O:nRandomReadBytes,I/O:nRandomReads,I/O:nRandomWriteBytes,I/O:nRandomWrites,I/O:nReadsFromWriteQueue,I/O:nRepeatFaultReads,I/O:nSequentialReadBytes,I/O:nSequentialReads,I/O:nSequentialWriteBytes,I/O:nSequentialWrites,I/O:nTempBufferWrites,I/O:nWriteQueueOverflow,I/O:nWriteQueueOverflowFailures,I/O:nWritesFromWriteQueue,Jvm:PS MarkSweep.count,Jvm:PS MarkSweep.time,Jvm:PS Scavenge.count,Jvm:PS Scavenge.time,Jvm:heap,Jvm:loadAverage,Locks:nLatchAcquireNoWaitUnsuccessful,Locks:nLatchAcquiresNoWaitSuccessful,Locks:nLatchAcquiresNoWaiters,Locks:nLatchAcquiresSelfOwned,Locks:nLatchAcquiresWithContention,Locks:nLatchReleases,Locks:nRequests,Locks:nWaits,Node Compression:cursorsBins,Node Compression:dbClosedBins,Node Compression:inCompQueueSize,Node Compression:nonEmptyBins,Node Compression:processedBins,Node Compression:splitBins,Op:cursorDelete,Op:cursorGetCurrent,Op:cursorGetFirst,Op:cursorGetLast,Op:cursorGetNext,Op:cursorGetNextDup,Op:cursorGetNextNoDup,Op:cursorGetPrev,Op:cursorGetPrevDup,Op:cursorGetPrevNoDup,Op:cursorPut,Op:cursorPutCurrent,Op:cursorPutNoDupData,Op:cursorPutNoOverwrite,Op:dbDelete,Op:dbGet,Op:dbGetSearchBoth,Op:dbPut,Op:dbPutNoDupData,Op:dbPutNoOverWrite,Op:dbRemoveSequence,Op:dosCursorGetNext,Op:secondaryCursorDelete,Op:secondaryCursorGetCurrent,Op:secondaryCursorGetFirst,Op:secondaryCursorGetLast,Op:secondaryCursorGetNext,Op:secondaryCursorGetNextDup,Op:secondaryCursorGetNextNoDup,Op:secondaryCursorGetPrev,Op:secondaryCursorGetPrevDup,Op:secondaryCursorGetPrevNoDup,Op:secondaryDbDelete,Op:secondaryDbGet,Op:secondaryDbGetSearchBoth
2014-02-09 20:52:49.115 UTC,125,0,0,0,0,0,3157562,824,11629,80,0,0,0,0,0,3,0,0,0,0,0,0,0,3,3,0,0,1,5,0,0,0,0,0,0, ,0,0,0,0,0,0,0,0,0,0,943,1,369,1,0,2,4,0,0,46,0,0,0,0,0,0,0,0,0,0,0,0,0,0,0,0,0,0,0,0,0,0,0,0,0,0,0,0,0,1391979168887,3145728,0,0,0,0,2,0,2,2,2,0,0,3,3,0,0,0,0,0,0,0,38,1,0,0,2048,1,954,2,0,0,0,0,0,0,0,0,20770168,0,0,0,0,0,0,0,6,0,0,0,0,0,0,0,0,0,0,0,0,0,0,0,0,0,0,0,0,0,0,0,0,0,0,0,0,0,0,0,0,0,0,0,0,0,0,0,0,0,0
2014-02-09 20:52:49.122 UTC,125,0,0,0,0,0,3161801,928,15948,0,0,0,0,0,0,1,0,0,0,0,0,0,0,4,4,0,0,1,7,0,0,0,0,0,0, ,0,0,0,0,0,0,0,0,0,0,943,1,369,0,0,0,0,0,0,46,0,0,0,0,0,0,0,0,0,0,0,0,0,0,0,0,0,0,0,0,0,0,0,0,0,0,0,0,0,1391979168887,3145728,0,0,0,0,2,0,2,2,2,0,0,3,2,0,0,0,0,0,0,0,0,0,0,0,4096,2,265,2,0,0,0,0,0,0,0,0,20770168,0,0,0,0,0,0,0,1,0,0,0,0,0,0,0,0,0,0,0,0,0,0,0,0,0,0,0,0,0,0,1,0,1,0,0,0,0,0,0,0,0,0,0,0,0,0,0,0,0,0
2014-02-09 20:52:49.169 UTC,125,0,0,0,0,0,3157914,928,11981,80,0,0,0,0,0,16,3,0,0,0,0,0,4,3,3,0,2,1,5,10,4,0,0,0,0, ,0,0,0,0,0,0,0,0,0,0,2122,2,1312,0,0,0,0,0,0,38,0,0,0,0,0,0,0,0,0,0,0,0,0,0,0,0,0,0,0,0,0,0,0,0,0,0,0,0,2,1391979169131,3145728,0,0,0,12,0,0,0,2,0,0,0,3,0,0,0,0,13,0,2048,1,0,0,0,0,83968,20,0,0,0,0,0,0,0,0,0,0,30304096,0,0,0,0,0,0,0,18,0,0,0,0,0,0,0,0,0,0,0,0,0,0,0,0,0,0,0,0,0,0,0,0,0,0,0,0,0,0,0,0,0,0,0,0,0,0,0,0,0,0
2014-02-09 20:52:49.176 UTC,125,0,0,0,0,0,3160921,928,15068,0,0,0,0,0,0,3,1,0,0,0,0,0,0,4,4,0,4,1,7,2,1,0,0,0,0, ,0,0,0,0,0,0,0,0,0,0,2122,2,1312,0,0,0,0,0,0,38,0,0,0,0,0,0,0,0,0,0,0,0,0,0,0,0,0,0,0,0,0,0,0,0,0,0,0,0,0,1391979169131,3145728,0,0,0,3,1,0,1,3,1,0,0,3,1,0,0,0,2,1,0,0,0,0,0,0,12288,6,150,1,0,0,0,0,0,0,0,0,30304096,0,0,0,0,0,0,0,4,0,0,0,0,0,0,0,0,0,0,0,0,0,0,0,0,0,0,0,0,0,0,1,0,1,0,0,0,0,0,0,0,0,0,0,0,0,0,0,0,0,0
2014-02-09 20:52:49.227 UTC,125,0,0,0,0,0,3157938,928,12005,80,0,0,0,0,0,16,3,0,0,0,0,0,4,3,3,0,2,1,5,10,4,0,0,0,0, ,0,0,0,0,0,0,0,0,0,0,2881,3,2375,0,0,0,0,0,0,33,0,0,0,0,0,0,0,0,0,0,0,0,0,0,0,0,0,0,0,0,0,0,0,0,0,0,0,0,2,1391979169190,3145728,0,0,0,12,0,0,0,2,0,0,0,3,0,0,0,0,12,0,2048,1,0,0,0,0,83968,20,0,0,0,0,0,0,0,0,0,0,39827008,0,0,0,0,0,0,0,19,0,0,0,0,0,0,0,0,0,0,0,0,0,0,0,0,0,0,0,0,0,0,1,0,0,0,0,0,0,0,0,0,0,0,0,0,0,0,0,0,0,0
2014-02-09 20:52:49.702 UTC,125,0,0,0,0,0,3157994,928,12005,136,0,0,0,0,0,17,3,0,0,0,0,0,4,3,3,0,2,1,5,12,5,0,0,0,0, ,0,0,0,0,0,0,0,0,0,0,2881,3,2375,0,0,0,0,0,0,33,0,0,0,0,0,0,0,0,0,0,0,0,0,0,0,0,0,0,0,0,0,0,0,0,0,0,0,0,2,1391979169466,3145728,0,0,0,13,0,0,0,3,0,0,0,3,0,0,0,0,13,1,2048,1,0,0,0,0,88064,22,0,0,0,0,0,0,0,0,0,0,21865120,0,0,0,0,0,0,0,21,0,0,0,0,0,0,0,0,0,0,0,0,0,0,0,0,0,0,0,0,0,0,0,0,0,0,0,0,0,0,0,0,0,0,0,0,0,0,0,0,0,0
2014-02-09 20:52:49.715 UTC,125,0,0,0,0,0,3165424,1160,19571,0,0,0,0,0,0,4,1,0,0,0,0,0,0,5,5,0,3,1,9,1,1,0,0,0,0, ,0,0,0,0,0,0,0,0,0,0,2881,3,2375,0,0,0,0,0,0,33,0,0,0,0,0,0,0,0,0,0,0,0,0,0,0,0,0,0,0,0,0,0,0,0,0,0,0,0,0,1391979169466,3145728,0,0,0,3,2,0,2,2,2,0,0,3,2,0,0,0,3,1,0,0,0,0,0,0,10240,5,340,2,0,0,0,0,0,0,0,0,21865120,0,0,0,0,0,0,0,6,0,0,0,0,0,0,0,0,0,0,0,0,0,0,0,0,0,0,0,0,0,0,1,0,1,0,0,0,0,0,0,0,0,0,0,0,0,0,0,0,0,0
2014-02-09 20:52:49.771 UTC,125,0,0,0,0,0,3157986,928,12053,80,0,0,0,0,0,16,3,0,0,0,0,0,4,3,3,0,2,1,5,10,4,0,0,0,0, ,0,0,0,0,0,0,0,0,0,0,4245,4,3324,0,0,0,0,0,0,31,0,0,0,0,0,0,0,0,0,0,0,0,0,0,0,0,0,0,0,0,0,0,0,0,0,0,0,0,2,1391979169734,3145728,0,0,0,12,0,0,0,2,0,0,0,3,0,0,0,0,13,0,2048,1,0,0,0,0,83968,20,0,0,0,0,0,0,0,0,0,0,30057136,0,0,0,0,0,0,0,21,0,0,0,0,0,0,0,0,0,0,0,0,0,0,0,0,0,0,0,0,0,0,0,0,0,0,0,0,0,0,0,0,0,0,0,0,0,0,0,0,0,0
2014-02-09 20:52:49.778 UTC,125,0,0,0,0,0,3162281,1160,16428,0,0,0,0,0,0,3,1,0,0,0,0,0,0,4,4,0,3,2,6,2,2,0,0,0,0, ,0,0,0,0,0,0,0,0,0,0,4245,4,3324,0,0,0,0,0,0,31,0,0,0,0,0,0,0,0,0,0,0,0,0,0,0,0,0,0,0,0,0,0,0,0,0,0,0,0,0,1391979169734,3145728,0,0,0,4,0,0,0,1,0,0,0,3,0,0,0,0,3,1,0,0,0,0,0,0,10240,5,0,0,0,0,0,0,0,0,0,0,30057136,0,0,0,0,0,0,0,0,0,0,0,0,0,0,0,0,0,0,0,0,0,0,0,0,0,0,0,0,0,0,2,0,0,0,0,0,0,0,0,0,0,0,0,0,0,0,0,0,0,0
2014-02-09 20:52:49.822 UTC,125,0,0,0,0,0,3157986,928,12053,80,0,0,0,0,0,16,3,0,0,0,0,0,4,3,3,0,2,1,5,10,4,0,0,0,0, ,0,0,0,0,0,0,0,0,0,0,4245,4,3324,0,0,0,0,0,0,31,0,0,0,0,0,0,0,0,0,0,0,0,0,0,0,0,0,0,0,0,0,0,0,0,0,0,0,0,2,1391979169786,3145728,0,0,0,12,0,0,0,2,0,0,0,3,0,0,0,0,13,0,2048,1,0,0,0,0,83968,20,0,0,0,0,0,0,0,0,0,0,39870712,0,0,0,0,0,0,0,18,0,0,0,0,0,0,0,0,0,0,0,0,0,0,0,0,0,0,0,0,0,0,0,0,0,0,0,0,0,0,0,0,0,0,0,0,0,0,0,0,0,0
2014-02-09 20:52:49.825 UTC,125,0,0,0,0,0,3165432,1160,19579,0,0,0,0,0,0,6,2,0,0,0,0,0,0,5,5,0,3,1,9,6,5,0,0,0,0, ,0,0,0,0,0,0,0,0,0,0,4245,4,3324,0,0,0,0,0,0,31,0,0,0,0,0,0,0,0,0,0,0,0,0,0,0,0,0,0,0,0,0,0,0,0,0,0,0,0,0,1391979169786,3145728,0,0,0,9,0,0,0,1,0,0,0,3,0,0,0,0,8,1,0,0,0,0,0,0,20480,10,0,0,0,0,0,0,0,0,0,0,39870712,0,0,0,0,0,0,0,11,0,0,0,0,0,0,0,0,0,0,0,2,0,0,0,0,0,0,0,0,0,0,1,0,0,0,0,0,0,0,0,0,0,0,0,0,0,0,0,0,0,0
2014-02-09 20:52:49.860 UTC,125,0,0,0,0,0,3157986,928,12053,80,0,0,0,0,0,16,3,0,0,0,0,0,4,3,3,0,2,1,5,10,4,0,0,0,0, ,0,0,0,0,0,0,0,0,0,0,4245,4,3324,0,0,0,0,0,0,31,0,0,0,0,0,0,0,0,0,0,0,0,0,0,0,0,0,0,0,0,0,0,0,0,0,0,0,0,2,1391979169828,3145728,0,0,0,13,0,0,0,3,0,0,0,3,0,0,0,0,13,1,2048,1,0,0,0,0,83968,20,0,0,0,0,0,0,0,0,0,0,49392920,0,0,0,0,0,0,0,18,0,0,0,0,0,0,0,0,0,0,0,0,0,0,0,0,0,0,0,0,0,0,0,0,0,0,0,0,0,0,0,0,0,0,0,0,0,0,0,0,0,0
2014-02-09 20:52:49.865 UTC,125,0,0,0,0,0,3166576,1288,20723,0,0,0,0,0,0,10,2,0,0,0,0,0,0,5,5,0,3,1,9,7,6,0,0,0,0, ,0,0,0,0,0,0,0,0,0,0,4245,4,3324,0,0,0,0,0,0,31,0,0,0,0,0,0,0,0,0,0,0,0,0,0,0,0,0,0,0,0,0,0,0,0,0,0,0,0,0,1391979169828,3145728,0,0,0,9,1,0,1,2,1,0,0,3,1,0,0,0,9,1,0,0,0,0,0,0,26624,13,147,1,0,0,0,0,0,0,0,0,49392920,0,0,0,0,0,0,0,16,0,0,0,0,0,0,0,0,0,0,0,3,0,0,0,0,0,0,0,0,0,0,2,0,0,0,0,0,0,0,0,0,0,0,0,0,0,0,0,0,0,0
2014-02-09 20:52:49.889 UTC,125,0,0,0,0,0,3156946,696,11013,80,0,0,0,0,0,13,3,0,0,0,0,0,3,3,3,0,2,1,5,8,3,0,0,0,0, ,0,0,0,0,0,0,0,0,0,0,5111,5,4495,0,0,0,0,0,0,31,0,0,0,0,0,0,0,0,0,0,0,0,0,0,0,0,0,0,0,0,0,0,0,0,0,0,0,0,2,1391979169870,3145728,0,0,0,13,0,0,0,2,0,0,0,3,0,0,0,0,13,0,2048,1,0,0,0,0,86016,21,0,0,0,0,0,0,0,0,0,0,59199112,0,0,0,0,0,0,0,14,0,0,0,0,0,0,0,0,0,0,0,0,0,0,0,0,0,0,0,0,0,0,0,0,0,0,0,0,0,0,0,0,0,0,0,0,0,0,0,0,0,0
2014-02-09 20:52:49.891 UTC,125,0,0,0,0,0,3165640,1160,19787,0,0,0,0,0,0,6,2,0,0,0,0,0,0,5,5,0,3,1,9,6,6,0,0,0,0, ,0,0,0,0,0,0,0,0,0,0,5111,5,4495,0,0,0,0,0,0,31,0,0,0,0,0,0,0,0,0,0,0,0,0,0,0,0,0,0,0,0,0,0,0,0,0,0,0,0,0,1391979169870,3145728,0,0,0,10,0,0,0,1,0,0,0,3,0,0,0,0,10,1,0,0,0,0,0,0,22528,11,0,0,0,0,0,0,0,0,0,0,59199112,0,0,0,0,0,0,0,11,0,0,0,0,0,0,0,0,0,0,0,2,0,0,0,0,0,0,0,0,0,0,1,0,0,0,0,0,0,0,0,0,0,0,0,0,0,0,0,0,0,0
2014-02-09 20:52:49.943 UTC,125,0,0,0,0,0,3156866,696,11013,0,0,0,0,0,0,13,3,0,0,0,0,0,3,3,3,0,2,1,5,8,3,0,0,0,0, ,0,0,0,0,0,0,0,0,0,0,5111,5,4495,0,0,0,0,0,0,31,0,0,0,0,0,0,0,0,0,0,0,0,0,0,0,0,0,0,0,0,0,0,0,0,0,0,0,0,2,1391979169894,3145728,0,0,0,13,0,0,0,2,0,0,0,3,0,0,0,0,13,0,2048,1,0,0,0,0,86016,21,0,0,0,0,0,0,0,0,1,21,36715944,0,0,0,0,0,0,0,14,0,0,0,0,0,0,0,0,0,0,0,0,0,0,0,0,0,0,0,0,0,0,0,0,0,0,0,0,0,0,0,0,0,0,0,0,0,0,0,0,0,0
2014-02-09 20:52:49.951 UTC,125,0,0,0,0,0,3166784,1288,20931,0,0,0,0,0,0,9,2,0,0,0,0,0,0,5,5,0,3,1,9,9,9,0,0,0,0, ,0,0,0,0,0,0,0,0,0,0,5111,5,4495,0,0,0,0,0,0,31,0,0,0,0,0,0,0,0,0,0,0,0,0,0,0,0,0,0,0,0,0,0,0,0,0,0,0,0,0,1391979169894,3145728,0,0,0,13,0,0,0,1,0,0,0,3,0,0,0,0,13,1,0,0,0,0,0,0,28672,14,0,0,0,0,0,0,0,0,0,0,36715944,0,0,0,0,0,0,0,18,0,0,0,0,0,0,0,0,0,0,0,3,0,0,0,0,0,0,0,0,0,0,2,0,0,0,0,0,0,0,0,0,0,0,0,0,0,0,0,0,0,0
2014-02-09 20:52:49.987 UTC,125,0,0,0,0,0,3156946,696,11013,80,0,0,0,0,0,13,3,0,0,0,0,0,3,3,3,0,2,1,5,8,3,0,0,0,0, ,0,0,0,0,0,0,0,0,0,0,5111,5,4495,0,0,0,0,0,0,31,0,0,0,0,0,0,0,0,0,0,0,0,0,0,0,0,0,0,0,0,0,0,0,0,0,0,0,0,2,1391979169955,3145728,0,0,0,13,0,0,0,2,0,0,0,3,0,0,0,0,13,0,2048,1,0,0,0,0,86016,21,0,0,0,0,0,0,0,0,1,21,43814560,0,0,0,0,0,0,0,14,0,0,0,0,0,0,0,0,0,0,0,0,0,0,0,0,0,0,0,0,0,0,0,0,0,0,0,0,0,0,0,0,0,0,0,0,0,0,0,0,0,0
2014-02-09 20:52:49.993 UTC,125,0,0,0,0,0,3165640,1160,19787,0,0,0,0,0,0,5,2,0,0,0,0,0,0,5,5,0,3,1,9,5,5,0,0,0,0, ,0,0,0,0,0,0,0,0,0,0,5111,5,4495,0,0,0,0,0,0,31,0,0,0,0,0,0,0,0,0,0,0,0,0,0,0,0,0,0,0,0,0,0,0,0,0,0,0,0,1,1391979169955,3145728,0,0,0,9,1,0,1,3,1,0,0,3,1,0,0,0,9,1,0,0,0,0,0,0,24576,12,203,1,0,0,0,0,0,0,0,0,43814560,0,0,0,0,0,0,0,11,0,0,0,0,0,0,0,0,0,0,0,0,0,0,0,0,0,0,0,0,0,0,1,0,1,0,0,0,0,0,0,0,0,0,0,0,0,0,0,0,0,0
2014-02-09 20:52:50.032 UTC,125,0,0,0,0,0,3158138,928,12205,80,0,0,0,0,0,16,3,0,0,0,0,0,4,3,3,0,2,1,5,10,4,0,0,0,0, ,0,0,0,0,0,0,0,0,0,0,6086,6,5417,0,0,0,0,0,0,29,0,0,0,0,0,0,0,0,0,0,0,0,0,0,0,0,0,0,0,0,0,0,0,0,0,0,0,0,2,1391979170002,3145728,0,0,0,13,0,0,0,2,0,0,0,3,0,0,0,0,13,0,2048,1,0,0,0,0,86016,21,0,0,0,0,0,0,0,0,1,21,51826856,0,0,0,0,0,0,0,18,0,0,0,0,0,0,0,0,0,0,0,0,0,0,0,0,0,0,0,0,0,0,0,0,0,0,0,0,0,0,0,0,0,0,0,0,0,0,0,0,0,0
2014-02-09 20:52:50.039 UTC,125,0,0,0,0,0,3166800,1288,20947,0,0,0,0,0,0,11,2,0,0,0,0,0,0,5,5,0,3,1,9,12,9,0,0,0,0, ,0,0,0,0,0,0,0,0,0,0,6086,6,5417,0,0,0,0,0,0,29,0,0,0,0,0,0,0,0,0,0,0,0,0,0,0,0,0,0,0,0,0,0,0,0,0,0,0,0,0,1391979170002,3145728,0,0,0,13,0,0,0,1,0,0,0,3,0,0,0,0,13,1,0,0,0,0,0,0,28672,14,0,0,0,0,0,0,0,0,0,0,51826856,0,0,0,0,0,0,0,22,0,0,0,0,0,0,0,0,0,0,0,7,0,0,0,0,0,0,0,0,0,0,0,0,0,0,0,0,0,0,0,0,0,0,0,0,0,0,0,0,0,0
